imgId_eId,val
20057f34d_0,0.058347408
20057f34d_1,0.08132941
20057f34d_2,-0.04268197
20057f34d_3,0.033358946
20057f34d_4,0.017850138
20057f34d_5,-0.04576911
20057f34d_6,0.011957879
20057f34d_7,-0.029424535
20057f34d_8,0.13134378
20057f34d_9,0.046373308
20057f34d_10,-0.02637875
20057f34d_11,-0.060108878
20057f34d_12,0.086561106
20057f34d_13,-0.00045912003
20057f34d_14,0.020401008
20057f34d_15,-0.01932939
20057f34d_16,-0.08136654
20057f34d_17,-0.0026756877
20057f34d_18,0.102013394
20057f34d_19,-0.06339219
20057f34d_20,-0.045748238
20057f34d_21,-0.02515671
20057f34d_22,0.0101987645
20057f34d_23,0.035934996
20057f34d_24,-0.0810577
20057f34d_25,-0.020175148
20057f34d_26,-0.0022815692
20057f34d_27,0.023861762
20057f34d_28,-0.04924953
20057f34d_29,-0.03541587
20057f34d_30,-0.042867742
20057f34d_31,0.039312705
20057f34d_32,-0.023616698
20057f34d_33,-0.020177472
20057f34d_34,0.027091159
20057f34d_35,-0.016563656
20057f34d_36,-0.07195982
20057f34d_37,0.048604853
20057f34d_38,-0.050902955
20057f34d_39,-0.013482157
20057f34d_40,-0.0069177104
20057f34d_41,0.014000532
20057f34d_42,0.07763596
20057f34d_43,-0.04291195
20057f34d_44,-0.043296292
20057f34d_45,0.0541799
20057f34d_46,-0.018908715
20057f34d_47,0.028502988
20057f34d_48,0.037582286
20057f34d_49,-0.06909348
20057f34d_50,-0.040172663
20057f34d_51,-0.010803657
20057f34d_52,-0.09659863
20057f34d_53,-0.072155625
20057f34d_54,0.013839078
20057f34d_55,-0.046666674
20057f34d_56,-0.022844024
20057f34d_57,-0.116060145
20057f34d_58,0.0112390565
20057f34d_59,-0.0037353486
20057f34d_60,0.12177214
20057f34d_61,0.020308854
20057f34d_62,-0.050999954
20057f34d_63,0.024189606
20057f34d_64,0.03253281
20057f34d_65,-0.06870063
20057f34d_66,0.001262888
20057f34d_67,-0.11275916
20057f34d_68,0.023798615
20057f34d_69,-0.048175354
20057f34d_70,-0.07239144
20057f34d_71,0.050527427
20057f34d_72,-0.06088811
20057f34d_73,-0.16087325
20057f34d_74,-0.002149817
20057f34d_75,-0.03202822
20057f34d_76,-0.05936996
20057f34d_77,0.03400794
20057f34d_78,-0.038131688
20057f34d_79,-0.027811566
20057f34d_80,0.0793751
20057f34d_81,0.09625542
20057f34d_82,0.08956733
20057f34d_83,-0.029880544
20057f34d_84,-0.020842494
20057f34d_85,0.0037094348
20057f34d_86,0.059921462
20057f34d_87,-0.0068393885
20057f34d_88,0.028613506
20057f34d_89,-0.04426173
20057f34d_90,-0.019920565
20057f34d_91,-0.044630866
20057f34d_92,-0.10021905
20057f34d_93,-0.017318897
20057f34d_94,0.030794872
20057f34d_95,-0.039111763
20057f34d_96,-0.020732969
20057f34d_97,-0.04393747
20057f34d_98,-0.04353432
20057f34d_99,0.051239662
20057f34d_100,0.08619042
20057f34d_101,-0.07253243
20057f34d_102,-0.036206644
20057f34d_103,-0.08160045
20057f34d_104,0.051608615
20057f34d_105,0.05586869
20057f34d_106,-0.012758391
20057f34d_107,0.04003429
20057f34d_108,0.022552537
20057f34d_109,-0.0008594706
20057f34d_110,-0.011690982
20057f34d_111,-0.019132512
20057f34d_112,0.06612828
20057f34d_113,-0.022340348
20057f34d_114,-0.022341827
20057f34d_115,0.04402265
20057f34d_116,-0.008880218
20057f34d_117,-0.026610512
20057f34d_118,0.036345217
20057f34d_119,0.06930778
20057f34d_120,-0.008824838
20057f34d_121,0.03310599
20057f34d_122,0.000874277
20057f34d_123,0.004505005
20057f34d_124,0.048660364
20057f34d_125,-0.006277558
20057f34d_126,0.037902955
20057f34d_127,-3.9098878e-33
20057f34d_128,0.02389676
20057f34d_129,0.07338875
20057f34d_130,-0.028792242
20057f34d_131,-0.040540714
20057f34d_132,0.022212107
20057f34d_133,-0.05817607
20057f34d_134,0.029300625
20057f34d_135,0.023514127
20057f34d_136,0.030807078
20057f34d_137,-0.0012584252
20057f34d_138,-0.00015101451
20057f34d_139,-0.07029262
20057f34d_140,0.0076829675
20057f34d_141,0.05973464
20057f34d_142,0.0052972585
20057f34d_143,-0.017589346
20057f34d_144,0.0074014654
20057f34d_145,-0.034625348
20057f34d_146,-0.060560662
20057f34d_147,-0.013069711
20057f34d_148,-0.08040933
20057f34d_149,0.00038617098
20057f34d_150,-0.02198528
20057f34d_151,-0.044846863
20057f34d_152,0.03293043
20057f34d_153,0.09242569
20057f34d_154,0.0108810505
20057f34d_155,-0.05298887
20057f34d_156,-0.07760543
20057f34d_157,0.031206988
20057f34d_158,0.034535974
20057f34d_159,-0.032556683
20057f34d_160,0.013932219
20057f34d_161,0.022045594
20057f34d_162,-0.039335426
20057f34d_163,0.032479253
20057f34d_164,0.07926973
20057f34d_165,0.029695272
20057f34d_166,-0.07374172
20057f34d_167,-0.028222712
20057f34d_168,-0.008523793
20057f34d_169,-0.012120048
20057f34d_170,-0.030446576
20057f34d_171,0.022736367
20057f34d_172,0.032843262
20057f34d_173,-0.008024407
20057f34d_174,0.015323151
20057f34d_175,0.08659954
20057f34d_176,-0.07107864
20057f34d_177,0.029558461
20057f34d_178,-0.07629211
20057f34d_179,0.09584662
20057f34d_180,-0.021443915
20057f34d_181,-0.06700408
20057f34d_182,-0.056482878
20057f34d_183,0.021743134
20057f34d_184,0.02554978
20057f34d_185,-0.08909518
20057f34d_186,-0.11860733
20057f34d_187,0.02872544
20057f34d_188,0.06192097
20057f34d_189,-0.0012949773
20057f34d_190,-0.039591044
20057f34d_191,-0.014148834
20057f34d_192,-0.054240182
20057f34d_193,-0.021047857
20057f34d_194,-0.042761054
20057f34d_195,-0.021505458
20057f34d_196,0.03277319
20057f34d_197,-0.012062172
20057f34d_198,-0.00035761023
20057f34d_199,0.0024852704
20057f34d_200,0.09797247
20057f34d_201,0.0610826
20057f34d_202,-0.079447664
20057f34d_203,0.024453225
20057f34d_204,0.039219152
20057f34d_205,0.026185086
20057f34d_206,0.038845945
20057f34d_207,0.057219625
20057f34d_208,-0.017158467
20057f34d_209,0.05837417
20057f34d_210,0.06292015
20057f34d_211,-0.014928429
20057f34d_212,-0.08787265
20057f34d_213,0.0024714868
20057f34d_214,0.035052624
20057f34d_215,0.0020105196
20057f34d_216,-0.039161023
20057f34d_217,-0.073692195
20057f34d_218,-0.03465491
20057f34d_219,0.05140258
20057f34d_220,0.09740595
20057f34d_221,0.013423099
20057f34d_222,0.029687906
20057f34d_223,8.4887e-34
20057f34d_224,-0.043569174
20057f34d_225,0.03271209
20057f34d_226,0.00887093
20057f34d_227,-0.0073996815
20057f34d_228,0.018694049
20057f34d_229,0.013315822
20057f34d_230,0.061813645
20057f34d_231,0.009710814
20057f34d_232,-0.07876196
20057f34d_233,0.012689127
20057f34d_234,-0.0957229
20057f34d_235,0.042271644
20057f34d_236,0.04440395
20057f34d_237,-0.040236324
20057f34d_238,0.09498409
20057f34d_239,-0.05579595
20057f34d_240,0.050713476
20057f34d_241,-0.047654167
20057f34d_242,-0.056771036
20057f34d_243,0.0911511
20057f34d_244,-0.02580939
20057f34d_245,0.026007362
20057f34d_246,0.017523875
20057f34d_247,-0.13380386
20057f34d_248,0.03344397
20057f34d_249,0.05935575
20057f34d_250,0.08477014
20057f34d_251,-0.08264137
20057f34d_252,-0.093210064
20057f34d_253,0.028103774
20057f34d_254,-0.036400475
20057f34d_255,-0.028076414
20057f34d_256,0.013096076
20057f34d_257,0.03923494
20057f34d_258,-0.038436383
20057f34d_259,-0.016323572
20057f34d_260,0.022703357
20057f34d_261,-0.08365181
20057f34d_262,-0.13236824
20057f34d_263,-0.01148187
20057f34d_264,0.057678636
20057f34d_265,0.03712987
20057f34d_266,0.020716978
20057f34d_267,0.020945765
20057f34d_268,0.016927902
20057f34d_269,-0.04952502
20057f34d_270,0.05661049
20057f34d_271,0.069678
20057f34d_272,0.039743256
20057f34d_273,-0.02061003
20057f34d_274,-0.040663302
20057f34d_275,0.0014884265
20057f34d_276,0.021620076
20057f34d_277,0.025507893
20057f34d_278,-0.0005387665
20057f34d_279,0.024532292
20057f34d_280,-0.06659243
20057f34d_281,0.021069145
20057f34d_282,0.037158374
20057f34d_283,0.049902566
20057f34d_284,-0.07049321
20057f34d_285,0.030533755
20057f34d_286,0.045712903
20057f34d_287,0.024567036
20057f34d_288,0.06173931
20057f34d_289,0.021183908
20057f34d_290,-0.04324784
20057f34d_291,0.045271877
20057f34d_292,-0.061930954
20057f34d_293,0.06921322
20057f34d_294,0.020489557
20057f34d_295,0.01932882
20057f34d_296,-0.016459314
20057f34d_297,-0.018955465
20057f34d_298,0.13158141
20057f34d_299,0.08315953
20057f34d_300,0.025349967
20057f34d_301,0.044044483
20057f34d_302,-0.04858519
20057f34d_303,0.07060624
20057f34d_304,-0.03517704
20057f34d_305,-0.027614547
20057f34d_306,-0.00822688
20057f34d_307,-0.021149129
20057f34d_308,0.10422454
20057f34d_309,-0.004950053
20057f34d_310,-0.057525218
20057f34d_311,-0.12529303
20057f34d_312,-0.05211463
20057f34d_313,0.034142595
20057f34d_314,-0.02134264
20057f34d_315,-0.0022770923
20057f34d_316,-0.052579045
20057f34d_317,-0.024636641
20057f34d_318,0.014070714
20057f34d_319,-1.8404025e-08
20057f34d_320,0.034331433
20057f34d_321,-0.027165968
20057f34d_322,-0.073984966
20057f34d_323,0.015143682
20057f34d_324,-0.020560341
20057f34d_325,-0.027971549
20057f34d_326,0.066358514
20057f34d_327,-0.0049348604
20057f34d_328,-0.058582515
20057f34d_329,-0.028413588
20057f34d_330,-0.046973843
20057f34d_331,0.00531328
20057f34d_332,-0.004010938
20057f34d_333,0.10587366
20057f34d_334,-0.05810514
20057f34d_335,0.07204494
20057f34d_336,0.0073130415
20057f34d_337,-0.01123588
20057f34d_338,-0.03623667
20057f34d_339,-0.017545966
20057f34d_340,-0.018846514
20057f34d_341,-0.012340492
20057f34d_342,-0.050749265
20057f34d_343,-0.03506699
20057f34d_344,-0.07266996
20057f34d_345,0.07269068
20057f34d_346,-0.092794515
20057f34d_347,-0.0060452083
20057f34d_348,-0.025994154
20057f34d_349,0.055791765
20057f34d_350,0.03569147
20057f34d_351,0.012378653
20057f34d_352,-0.045864724
20057f34d_353,-0.028623058
20057f34d_354,-0.0014398522
20057f34d_355,-0.009112706
20057f34d_356,-0.0039047012
20057f34d_357,0.0796782
20057f34d_358,-0.059894055
20057f34d_359,0.05194034
20057f34d_360,0.012825365
20057f34d_361,0.0050228806
20057f34d_362,0.108213365
20057f34d_363,0.015931142
20057f34d_364,0.029855171
20057f34d_365,0.08793003
20057f34d_366,0.004806461
20057f34d_367,-0.033973232
20057f34d_368,-0.057320084
20057f34d_369,0.045867912
20057f34d_370,-0.0074599516
20057f34d_371,0.007405568
20057f34d_372,0.027948475
20057f34d_373,0.058403086
20057f34d_374,0.07511727
20057f34d_375,-0.02758768
20057f34d_376,0.17011929
20057f34d_377,-0.10869522
20057f34d_378,-0.032784827
20057f34d_379,0.080501296
20057f34d_380,0.0056444257
20057f34d_381,0.046244767
20057f34d_382,0.0093511995
20057f34d_383,-0.017447188
227ef0887_0,-0.05153056
227ef0887_1,0.08688206
227ef0887_2,-0.011439426
227ef0887_3,-0.059978046
227ef0887_4,-0.08427909
227ef0887_5,-0.018421479
227ef0887_6,0.034464173
227ef0887_7,0.02450028
227ef0887_8,0.057257846
227ef0887_9,-0.021863144
227ef0887_10,-0.0041556265
227ef0887_11,-0.02027932
227ef0887_12,-0.090868816
227ef0887_13,-0.01856731
227ef0887_14,-0.07029694
227ef0887_15,-0.022922123
227ef0887_16,0.034641605
227ef0887_17,0.0053059096
227ef0887_18,0.048912693
227ef0887_19,0.067925684
227ef0887_20,0.009798082
227ef0887_21,0.045549355
227ef0887_22,-0.05206251
227ef0887_23,0.031872183
227ef0887_24,-0.019009247
227ef0887_25,0.12854016
227ef0887_26,0.0431681
227ef0887_27,0.04032289
227ef0887_28,0.042831644
227ef0887_29,-0.015609822
227ef0887_30,0.056643087
227ef0887_31,-0.016437521
227ef0887_32,-0.09014647
227ef0887_33,-0.070499346
227ef0887_34,-0.021746075
227ef0887_35,-0.06289124
227ef0887_36,0.012775586
227ef0887_37,0.12145158
227ef0887_38,0.04251605
227ef0887_39,-0.018479751
227ef0887_40,-0.056289136
227ef0887_41,0.0062786858
227ef0887_42,0.11317459
227ef0887_43,-0.0038771306
227ef0887_44,-0.017915098
227ef0887_45,0.080368936
227ef0887_46,0.015567806
227ef0887_47,0.03457653
227ef0887_48,-0.005846328
227ef0887_49,-0.04768091
227ef0887_50,-0.06515773
227ef0887_51,-0.1381695
227ef0887_52,0.06931844
227ef0887_53,-0.045510896
227ef0887_54,0.0033858356
227ef0887_55,0.06878905
227ef0887_56,0.050368134
227ef0887_57,-0.06309619
227ef0887_58,0.02258771
227ef0887_59,0.011975458
227ef0887_60,-0.0298503
227ef0887_61,0.01965234
227ef0887_62,-0.0018139291
227ef0887_63,0.030221967
227ef0887_64,-0.010933139
227ef0887_65,-0.06590444
227ef0887_66,-0.054475445
227ef0887_67,-0.074815005
227ef0887_68,-0.008182663
227ef0887_69,-0.04178425
227ef0887_70,0.12859745
227ef0887_71,0.0056898966
227ef0887_72,-0.004923251
227ef0887_73,-0.021571249
227ef0887_74,0.053475406
227ef0887_75,-0.059541557
227ef0887_76,-0.0017609207
227ef0887_77,-0.025303502
227ef0887_78,0.01452159
227ef0887_79,-0.0047138156
227ef0887_80,-0.032514226
227ef0887_81,0.06247929
227ef0887_82,0.009572836
227ef0887_83,0.0041405237
227ef0887_84,-0.0067549893
227ef0887_85,-0.005907928
227ef0887_86,0.001705796
227ef0887_87,0.0039314516
227ef0887_88,-0.01848955
227ef0887_89,0.04950989
227ef0887_90,-0.021211654
227ef0887_91,0.093966
227ef0887_92,-0.06566883
227ef0887_93,-0.045150176
227ef0887_94,-0.059340227
227ef0887_95,-0.011770567
227ef0887_96,0.0051565208
227ef0887_97,-0.011651789
227ef0887_98,-0.0035299372
227ef0887_99,0.059722297
227ef0887_100,-0.02197401
227ef0887_101,0.020485757
227ef0887_102,-0.009721967
227ef0887_103,-0.0015950402
227ef0887_104,-0.047229175
227ef0887_105,0.017378882
227ef0887_106,-0.009111848
227ef0887_107,0.05980382
227ef0887_108,0.064116515
227ef0887_109,-0.033354804
227ef0887_110,0.0029612863
227ef0887_111,-0.02632475
227ef0887_112,-0.07935634
227ef0887_113,-0.015876438
227ef0887_114,-0.08235207
227ef0887_115,-0.124898136
227ef0887_116,0.04540023
227ef0887_117,-0.039526854
227ef0887_118,-0.022526858
227ef0887_119,-0.019231973
227ef0887_120,0.043411896
227ef0887_121,-0.027925583
227ef0887_122,-0.091181025
227ef0887_123,-0.023331098
227ef0887_124,-0.041177943
227ef0887_125,0.0140854325
227ef0887_126,0.042203743
227ef0887_127,-6.1966295e-33
227ef0887_128,0.024718858
227ef0887_129,0.02772613
227ef0887_130,-0.04880556
227ef0887_131,-0.004599062
227ef0887_132,0.0840702
227ef0887_133,-0.036680523
227ef0887_134,0.07487482
227ef0887_135,0.026952498
227ef0887_136,-0.038330488
227ef0887_137,0.08559284
227ef0887_138,0.054317024
227ef0887_139,-0.054175172
227ef0887_140,-0.032297716
227ef0887_141,0.07561425
227ef0887_142,0.00473388
227ef0887_143,-0.09396591
227ef0887_144,0.0115253115
227ef0887_145,-0.0575896
227ef0887_146,-0.01848162
227ef0887_147,0.015230493
227ef0887_148,0.0263649
227ef0887_149,0.001769803
227ef0887_150,0.050887804
227ef0887_151,-0.013423142
227ef0887_152,-0.01891889
227ef0887_153,0.010994771
227ef0887_154,-0.0127613535
227ef0887_155,-0.061216462
227ef0887_156,-0.038745157
227ef0887_157,0.03863741
227ef0887_158,0.034324873
227ef0887_159,0.048814625
227ef0887_160,-0.021675315
227ef0887_161,-0.108055204
227ef0887_162,-0.025945827
227ef0887_163,0.0078586675
227ef0887_164,-0.01400354
227ef0887_165,-0.10352683
227ef0887_166,-0.024228811
227ef0887_167,-0.026327273
227ef0887_168,-0.051214807
227ef0887_169,-0.044430345
227ef0887_170,-0.06048865
227ef0887_171,0.08221434
227ef0887_172,-0.008162709
227ef0887_173,0.0026894743
227ef0887_174,0.055698257
227ef0887_175,0.043250963
227ef0887_176,0.034188006
227ef0887_177,0.011913827
227ef0887_178,0.06290127
227ef0887_179,-0.024896592
227ef0887_180,0.0468851
227ef0887_181,0.04291578
227ef0887_182,0.022644302
227ef0887_183,0.02720416
227ef0887_184,0.002889457
227ef0887_185,-0.011020794
227ef0887_186,0.0033625956
227ef0887_187,-0.062459834
227ef0887_188,0.017038012
227ef0887_189,0.079960845
227ef0887_190,-0.03482516
227ef0887_191,-0.012806799
227ef0887_192,0.027814183
227ef0887_193,0.01104622
227ef0887_194,0.04233245
227ef0887_195,-0.05517754
227ef0887_196,0.027647242
227ef0887_197,-0.009182894
227ef0887_198,-0.023643084
227ef0887_199,-0.05356813
227ef0887_200,-0.085469455
227ef0887_201,0.025692685
227ef0887_202,-0.056225467
227ef0887_203,-0.0038765122
227ef0887_204,-0.023693644
227ef0887_205,-0.050466444
227ef0887_206,0.02676597
227ef0887_207,0.07266648
227ef0887_208,-0.040832393
227ef0887_209,-0.0051435987
227ef0887_210,-0.036899615
227ef0887_211,-0.07578256
227ef0887_212,-0.036038864
227ef0887_213,0.056858115
227ef0887_214,0.11229295
227ef0887_215,0.041336674
227ef0887_216,-0.02111584
227ef0887_217,-0.0011319994
227ef0887_218,-0.06119856
227ef0887_219,-0.030352658
227ef0887_220,0.058888774
227ef0887_221,0.025518907
227ef0887_222,0.005326515
227ef0887_223,3.1192257e-33
227ef0887_224,-0.06130115
227ef0887_225,-0.080884896
227ef0887_226,0.028099522
227ef0887_227,0.024700766
227ef0887_228,0.012068108
227ef0887_229,-0.007825343
227ef0887_230,0.04222267
227ef0887_231,0.044203065
227ef0887_232,-0.07750822
227ef0887_233,0.016239766
227ef0887_234,0.024051808
227ef0887_235,0.05835687
227ef0887_236,0.013852431
227ef0887_237,0.024920043
227ef0887_238,0.018004056
227ef0887_239,0.04986196
227ef0887_240,0.013999048
227ef0887_241,0.014079228
227ef0887_242,0.04548548
227ef0887_243,-0.009061721
227ef0887_244,0.07598704
227ef0887_245,0.027607495
227ef0887_246,-0.04375684
227ef0887_247,0.10261607
227ef0887_248,-0.030256044
227ef0887_249,0.05411764
227ef0887_250,-0.036599595
227ef0887_251,-0.05135241
227ef0887_252,-0.05494579
227ef0887_253,0.0068417997
227ef0887_254,-0.06864763
227ef0887_255,-0.064625055
227ef0887_256,0.09481601
227ef0887_257,-0.06538798
227ef0887_258,-0.04738493
227ef0887_259,0.06035335
227ef0887_260,0.0024957662
227ef0887_261,-0.06764099
227ef0887_262,-0.013420679
227ef0887_263,-0.055418152
227ef0887_264,-0.03110129
227ef0887_265,0.016217643
227ef0887_266,0.040126402
227ef0887_267,0.09807904
227ef0887_268,-0.04824742
227ef0887_269,-0.018291539
227ef0887_270,-0.04848947
227ef0887_271,0.10887345
227ef0887_272,-0.012900231
227ef0887_273,0.042491898
227ef0887_274,-0.01611841
227ef0887_275,-0.0058299303
227ef0887_276,0.0643951
227ef0887_277,0.010884451
227ef0887_278,-0.04345433
227ef0887_279,-0.04608107
227ef0887_280,0.013662384
227ef0887_281,-0.061597228
227ef0887_282,0.113359846
227ef0887_283,0.016757267
227ef0887_284,0.030454123
227ef0887_285,0.034256026
227ef0887_286,-0.06357954
227ef0887_287,0.00898435
227ef0887_288,0.12753724
227ef0887_289,-0.014053259
227ef0887_290,0.07486018
227ef0887_291,-0.088617004
227ef0887_292,-0.0064421087
227ef0887_293,0.021361547
227ef0887_294,-0.0037597981
227ef0887_295,0.096848115
227ef0887_296,0.08370842
227ef0887_297,0.003951133
227ef0887_298,0.039350662
227ef0887_299,-0.0049172686
227ef0887_300,0.11572413
227ef0887_301,-0.0014128773
227ef0887_302,-0.023286728
227ef0887_303,0.08389351
227ef0887_304,-0.021624867
227ef0887_305,0.0015327085
227ef0887_306,0.011832629
227ef0887_307,-0.0028096305
227ef0887_308,0.10342835
227ef0887_309,-0.08158088
227ef0887_310,-0.11588859
227ef0887_311,-0.031931005
227ef0887_312,0.010949204
227ef0887_313,0.052430823
227ef0887_314,-0.011838352
227ef0887_315,0.08654962
227ef0887_316,0.030451264
227ef0887_317,-0.12043874
227ef0887_318,0.064306356
227ef0887_319,-2.1357382e-08
227ef0887_320,0.06322861
227ef0887_321,-0.085142605
227ef0887_322,0.028099839
227ef0887_323,-0.10037473
227ef0887_324,-0.04115817
227ef0887_325,-0.02647499
227ef0887_326,0.048744444
227ef0887_327,-0.08054658
227ef0887_328,-0.027806746
227ef0887_329,-0.1458948
227ef0887_330,0.02620684
227ef0887_331,0.034439668
227ef0887_332,0.01577553
227ef0887_333,0.07704678
227ef0887_334,-0.016557023
227ef0887_335,0.04901064
227ef0887_336,-0.05662875
227ef0887_337,0.05335361
227ef0887_338,-0.029798333
227ef0887_339,-0.05590882
227ef0887_340,0.02605723
227ef0887_341,-0.026754173
227ef0887_342,0.048297912
227ef0887_343,-0.024570636
227ef0887_344,-0.08987634
227ef0887_345,0.009024774
227ef0887_346,-0.029264988
227ef0887_347,-0.031600837
227ef0887_348,-0.060570553
227ef0887_349,-0.012542341
227ef0887_350,0.011417171
227ef0887_351,0.020578263
227ef0887_352,0.1097574
227ef0887_353,-0.04233802
227ef0887_354,0.07788592
227ef0887_355,0.05474695
227ef0887_356,-0.13794275
227ef0887_357,-0.048481617
227ef0887_358,-0.08807766
227ef0887_359,-0.0617607
227ef0887_360,0.025806531
227ef0887_361,-0.035281565
227ef0887_362,-0.022648951
227ef0887_363,0.0334096
227ef0887_364,0.045182474
227ef0887_365,0.006060585
227ef0887_366,0.0080045685
227ef0887_367,0.014481422
227ef0887_368,-0.06877074
227ef0887_369,0.06591663
227ef0887_370,0.030879265
227ef0887_371,-0.017625969
227ef0887_372,0.046268053
227ef0887_373,0.0818923
227ef0887_374,-0.029431457
227ef0887_375,-0.037553634
227ef0887_376,0.045587495
227ef0887_377,-0.021197183
227ef0887_378,-0.020555729
227ef0887_379,-0.041443482
227ef0887_380,0.02806994
227ef0887_381,0.03703022
227ef0887_382,0.011889568
227ef0887_383,0.01655974
92e911621_0,-0.050085682
92e911621_1,0.031261202
92e911621_2,-0.025438188
92e911621_3,-0.029251566
92e911621_4,0.021234946
92e911621_5,-0.029980328
92e911621_6,-0.011967625
92e911621_7,0.0048636305
92e911621_8,-0.025868727
92e911621_9,-0.03082137
92e911621_10,-0.03131165
92e911621_11,-0.06537959
92e911621_12,-0.081480585
92e911621_13,0.07444464
92e911621_14,-0.016237132
92e911621_15,0.049094927
92e911621_16,0.0066187917
92e911621_17,0.041842137
92e911621_18,0.13324341
92e911621_19,-0.047493733
92e911621_20,0.081594616
92e911621_21,0.091066144
92e911621_22,0.036653176
92e911621_23,0.06356493
92e911621_24,0.034955837
92e911621_25,-0.009986762
92e911621_26,-0.010937456
92e911621_27,0.0032005608
92e911621_28,0.0016307199
92e911621_29,-0.0219733
92e911621_30,-0.015980082
92e911621_31,-0.07823372
92e911621_32,0.0037581185
92e911621_33,-0.030544115
92e911621_34,-0.01386676
92e911621_35,0.020605762
92e911621_36,0.034415938
92e911621_37,-0.023138702
92e911621_38,0.02961796
92e911621_39,0.030561643
92e911621_40,-0.026198924
92e911621_41,0.06793246
92e911621_42,-0.0029140906
92e911621_43,-0.024623033
92e911621_44,-0.08148077
92e911621_45,0.004780141
92e911621_46,-0.08119732
92e911621_47,0.042076595
92e911621_48,0.03140336
92e911621_49,-0.061937172
92e911621_50,-0.030091474
92e911621_51,-0.09572162
92e911621_52,-0.029906081
92e911621_53,-0.05269479
92e911621_54,-0.047127727
92e911621_55,-0.027721532
92e911621_56,0.056728348
92e911621_57,-0.059741985
92e911621_58,0.027525324
92e911621_59,-0.025706017
92e911621_60,0.068613485
92e911621_61,-0.05174528
92e911621_62,0.058604475
92e911621_63,0.06246435
92e911621_64,0.00027117284
92e911621_65,-0.027035449
92e911621_66,-0.010395498
92e911621_67,0.016093576
92e911621_68,-0.04786949
92e911621_69,-0.03540701
92e911621_70,-0.07491099
92e911621_71,-0.029599745
92e911621_72,0.014493232
92e911621_73,-0.07314725
92e911621_74,-0.018078737
92e911621_75,-0.058486253
92e911621_76,0.036072075
92e911621_77,-0.06286902
92e911621_78,-0.023900863
92e911621_79,0.05758518
92e911621_80,0.0065658526
92e911621_81,0.043778405
92e911621_82,1.842529e-05
92e911621_83,-0.106047094
92e911621_84,0.05469352
92e911621_85,0.023991942
92e911621_86,-0.0031798813
92e911621_87,0.033989064
92e911621_88,-0.040254403
92e911621_89,-0.049456246
92e911621_90,-0.07493198
92e911621_91,-0.04423917
92e911621_92,0.015681269
92e911621_93,-0.006029595
92e911621_94,-0.023521699
92e911621_95,-0.0071613006
92e911621_96,0.041173935
92e911621_97,-0.054906495
92e911621_98,0.043293834
92e911621_99,0.0427212
92e911621_100,0.004733379
92e911621_101,-0.08899866
92e911621_102,0.009750815
92e911621_103,-0.07879035
92e911621_104,0.04147333
92e911621_105,0.029289946
92e911621_106,-0.042408284
92e911621_107,-0.024605049
92e911621_108,0.09753813
92e911621_109,0.048570927
92e911621_110,-0.055806298
92e911621_111,0.06328183
92e911621_112,0.002706861
92e911621_113,0.05946795
92e911621_114,-0.055987358
92e911621_115,-0.082658194
92e911621_116,-0.05336548
92e911621_117,-0.050253984
92e911621_118,0.0046160067
92e911621_119,0.0890427
92e911621_120,0.02912469
92e911621_121,-0.034407735
92e911621_122,-0.031127082
92e911621_123,0.06166333
92e911621_124,0.08953028
92e911621_125,-0.028233455
92e911621_126,0.060664125
92e911621_127,-6.660919e-33
92e911621_128,0.03113806
92e911621_129,-0.04575014
92e911621_130,-0.0031920106
92e911621_131,-0.08334384
92e911621_132,0.17177597
92e911621_133,0.03736024
92e911621_134,0.05056872
92e911621_135,0.008229592
92e911621_136,-0.06835506
92e911621_137,0.093024366
92e911621_138,-0.07420546
92e911621_139,-0.09525689
92e911621_140,-0.059868738
92e911621_141,0.014262461
92e911621_142,-0.032595158
92e911621_143,-0.0028468769
92e911621_144,-0.09445776
92e911621_145,0.051156722
92e911621_146,-0.0039890395
92e911621_147,0.04898875
92e911621_148,-0.060850807
92e911621_149,0.07017108
92e911621_150,-0.033954907
92e911621_151,0.005555126
92e911621_152,-0.00224897
92e911621_153,0.017174914
92e911621_154,-0.113582775
92e911621_155,-0.05611794
92e911621_156,0.037923303
92e911621_157,0.018265074
92e911621_158,0.041456837
92e911621_159,-0.06389018
92e911621_160,-0.09391353
92e911621_161,0.013174125
92e911621_162,0.035613492
92e911621_163,-0.12771298
92e911621_164,0.006611455
92e911621_165,-0.11847138
92e911621_166,-0.021304589
92e911621_167,0.040779248
92e911621_168,0.08029187
92e911621_169,0.017936748
92e911621_170,-0.020356156
92e911621_171,0.020775445
92e911621_172,-0.07682557
92e911621_173,-0.0155326435
92e911621_174,0.09173156
92e911621_175,0.060144227
92e911621_176,-0.046618477
92e911621_177,0.010334217
92e911621_178,-0.02073557
92e911621_179,0.002789677
92e911621_180,-0.021924628
92e911621_181,-0.044390008
92e911621_182,-0.08739429
92e911621_183,-0.059209283
92e911621_184,0.060459793
92e911621_185,-0.012497419
92e911621_186,0.030101875
92e911621_187,-0.0075561474
92e911621_188,0.04267575
92e911621_189,0.016210565
92e911621_190,0.08131221
92e911621_191,-0.09939475
92e911621_192,0.05269602
92e911621_193,-0.028759269
92e911621_194,0.015570119
92e911621_195,0.012119457
92e911621_196,0.079428785
92e911621_197,-0.0038763082
92e911621_198,0.03130213
92e911621_199,-0.11397311
92e911621_200,-0.015050499
92e911621_201,-0.07773109
92e911621_202,-0.014822095
92e911621_203,-0.021782912
92e911621_204,0.04537765
92e911621_205,0.01723096
92e911621_206,-0.09533538
92e911621_207,0.039563876
92e911621_208,0.04179263
92e911621_209,-0.065576546
92e911621_210,0.006411282
92e911621_211,-0.06113824
92e911621_212,0.032171015
92e911621_213,0.041411728
92e911621_214,0.0071817623
92e911621_215,-0.09690425
92e911621_216,0.062729746
92e911621_217,0.04735058
92e911621_218,-0.06455753
92e911621_219,-0.046602603
92e911621_220,-0.033475187
92e911621_221,-0.025114799
92e911621_222,0.08147229
92e911621_223,2.804379e-33
92e911621_224,0.021172598
92e911621_225,0.00672549
92e911621_226,0.08340127
92e911621_227,-0.0026317392
92e911621_228,-0.0038832268
92e911621_229,0.013803178
92e911621_230,-0.04738074
92e911621_231,0.11530755
92e911621_232,-0.018070482
92e911621_233,-0.0871363
92e911621_234,0.0023111787
92e911621_235,0.023489632
92e911621_236,0.04815542
92e911621_237,-0.008114584
92e911621_238,0.05303859
92e911621_239,0.0487702
92e911621_240,0.080661066
92e911621_241,-0.013379326
92e911621_242,0.056303173
92e911621_243,0.029124217
92e911621_244,-0.015704062
92e911621_245,-0.026259718
92e911621_246,-0.041604068
92e911621_247,0.06556676
92e911621_248,0.011058926
92e911621_249,0.049800318
92e911621_250,-0.008225003
92e911621_251,-0.03535733
92e911621_252,0.002015935
92e911621_253,-0.0008676976
92e911621_254,-0.059535354
92e911621_255,-0.015289535
92e911621_256,0.030916136
92e911621_257,-0.014089268
92e911621_258,-0.051816434
92e911621_259,-0.03758998
92e911621_260,-0.04512447
92e911621_261,-0.12829238
92e911621_262,-0.01985328
92e911621_263,0.0007982501
92e911621_264,0.06837705
92e911621_265,0.048605725
92e911621_266,-0.02143965
92e911621_267,0.13709389
92e911621_268,-0.037520494
92e911621_269,-0.04975667
92e911621_270,-0.009155849
92e911621_271,0.05005171
92e911621_272,0.024272656
92e911621_273,0.038145144
92e911621_274,0.0049575996
92e911621_275,0.024475195
92e911621_276,0.0460327
92e911621_277,-0.061746225
92e911621_278,-0.0069542127
92e911621_279,0.0067139124
92e911621_280,-0.058127984
92e911621_281,0.001628792
92e911621_282,0.013660667
92e911621_283,0.027774392
92e911621_284,-0.06353132
92e911621_285,-0.016932942
92e911621_286,-0.07866549
92e911621_287,-0.046204936
92e911621_288,0.020014852
92e911621_289,0.0861247
92e911621_290,-0.048270196
92e911621_291,0.022766963
92e911621_292,0.036461875
92e911621_293,0.020487685
92e911621_294,0.01592419
92e911621_295,0.08013779
92e911621_296,0.038919102
92e911621_297,0.0070720282
92e911621_298,-0.011031185
92e911621_299,0.04976716
92e911621_300,0.014096408
92e911621_301,-0.047269315
92e911621_302,0.038291126
92e911621_303,0.025867289
92e911621_304,-0.051827185
92e911621_305,-0.042183332
92e911621_306,0.033031795
92e911621_307,0.025425673
92e911621_308,0.049551424
92e911621_309,0.028873976
92e911621_310,-0.048870858
92e911621_311,0.053699087
92e911621_312,-0.045551307
92e911621_313,-0.011755697
92e911621_314,-0.013794436
92e911621_315,0.081174746
92e911621_316,0.04194443
92e911621_317,0.06197627
92e911621_318,0.04690693
92e911621_319,-1.8280717e-08
92e911621_320,0.09217311
92e911621_321,-0.014662253
92e911621_322,0.039527528
92e911621_323,-0.084624685
92e911621_324,0.039353408
92e911621_325,-0.012302272
92e911621_326,-0.0034740644
92e911621_327,-0.050660606
92e911621_328,-0.03497134
92e911621_329,0.012562518
92e911621_330,-0.0022808304
92e911621_331,0.089374736
92e911621_332,0.040773474
92e911621_333,0.048878815
92e911621_334,0.014851411
92e911621_335,0.06457835
92e911621_336,0.017459594
92e911621_337,-0.040111568
92e911621_338,-0.022054132
92e911621_339,0.023688983
92e911621_340,-0.023467408
92e911621_341,-0.016222885
92e911621_342,0.0055905143
92e911621_343,-0.013894453
92e911621_344,-0.012772093
92e911621_345,0.045185503
92e911621_346,-0.02199081
92e911621_347,0.058262125
92e911621_348,0.08760413
92e911621_349,0.043984365
92e911621_350,0.0077869515
92e911621_351,0.055331144
92e911621_352,-0.054800592
92e911621_353,0.031226803
92e911621_354,0.052769993
92e911621_355,-0.027925799
92e911621_356,-0.14075688
92e911621_357,0.01102814
92e911621_358,-0.019845743
92e911621_359,-0.13438447
92e911621_360,0.106342174
92e911621_361,-0.038458385
92e911621_362,0.064701244
92e911621_363,0.018556911
92e911621_364,-0.08345139
92e911621_365,0.13148315
92e911621_366,0.012054137
92e911621_367,-0.046460256
92e911621_368,0.003523895
92e911621_369,-0.0135401115
92e911621_370,0.010767481
92e911621_371,0.0013449986
92e911621_372,-0.041312344
92e911621_373,0.052043665
92e911621_374,-0.005102519
92e911621_375,-0.07085858
92e911621_376,0.05874952
92e911621_377,-0.0058429083
92e911621_378,-0.05430131
92e911621_379,-0.0122802295
92e911621_380,0.018736327
92e911621_381,0.005226638
92e911621_382,0.047523968
92e911621_383,-0.02922125
a4e1c55a9_0,-0.058070667
a4e1c55a9_1,0.020739214
a4e1c55a9_2,-0.040560048
a4e1c55a9_3,-0.033266373
a4e1c55a9_4,-0.07159929
a4e1c55a9_5,-0.04670677
a4e1c55a9_6,0.0031303016
a4e1c55a9_7,0.020847954
a4e1c55a9_8,0.017116262
a4e1c55a9_9,0.012206369
a4e1c55a9_10,0.0035505393
a4e1c55a9_11,0.015385328
a4e1c55a9_12,0.06035179
a4e1c55a9_13,-0.010000169
a4e1c55a9_14,-0.0071849283
a4e1c55a9_15,0.07798015
a4e1c55a9_16,-0.028791534
a4e1c55a9_17,-0.040664125
a4e1c55a9_18,0.015974255
a4e1c55a9_19,0.055108897
a4e1c55a9_20,0.0691218
a4e1c55a9_21,-0.018942855
a4e1c55a9_22,0.007904913
a4e1c55a9_23,0.0071399747
a4e1c55a9_24,-0.011776313
a4e1c55a9_25,0.10626332
a4e1c55a9_26,0.04878995
a4e1c55a9_27,-0.0003511299
a4e1c55a9_28,0.006659565
a4e1c55a9_29,-0.039157413
a4e1c55a9_30,-0.014646581
a4e1c55a9_31,-0.06571221
a4e1c55a9_32,-0.08034911
a4e1c55a9_33,-0.028018262
a4e1c55a9_34,0.032941308
a4e1c55a9_35,0.08493304
a4e1c55a9_36,-0.04923627
a4e1c55a9_37,0.064662166
a4e1c55a9_38,-0.024674844
a4e1c55a9_39,-0.004364548
a4e1c55a9_40,-0.0482529
a4e1c55a9_41,0.008042346
a4e1c55a9_42,0.07170735
a4e1c55a9_43,-0.04919725
a4e1c55a9_44,0.041167665
a4e1c55a9_45,0.12787946
a4e1c55a9_46,-0.043715585
a4e1c55a9_47,-0.010605682
a4e1c55a9_48,0.018064128
a4e1c55a9_49,0.059911553
a4e1c55a9_50,-0.077041574
a4e1c55a9_51,-0.047517728
a4e1c55a9_52,-0.0003306613
a4e1c55a9_53,-0.03607259
a4e1c55a9_54,0.029955385
a4e1c55a9_55,-0.015480152
a4e1c55a9_56,0.056588925
a4e1c55a9_57,-0.051102392
a4e1c55a9_58,0.0371296
a4e1c55a9_59,-0.039190784
a4e1c55a9_60,0.026775436
a4e1c55a9_61,0.043539144
a4e1c55a9_62,-0.0015336955
a4e1c55a9_63,0.04533447
a4e1c55a9_64,-0.033921722
a4e1c55a9_65,-0.0062269815
a4e1c55a9_66,-0.005903833
a4e1c55a9_67,-0.08116696
a4e1c55a9_68,-0.0649834
a4e1c55a9_69,-0.02419349
a4e1c55a9_70,0.077186085
a4e1c55a9_71,-0.04506883
a4e1c55a9_72,0.030228116
a4e1c55a9_73,0.0321339
a4e1c55a9_74,0.05821259
a4e1c55a9_75,-0.071640044
a4e1c55a9_76,-0.01811581
a4e1c55a9_77,0.0047037625
a4e1c55a9_78,0.009902102
a4e1c55a9_79,-0.026835665
a4e1c55a9_80,0.0062345546
a4e1c55a9_81,-0.002369265
a4e1c55a9_82,-0.075934745
a4e1c55a9_83,0.085549705
a4e1c55a9_84,0.0155958105
a4e1c55a9_85,0.11458299
a4e1c55a9_86,0.042408265
a4e1c55a9_87,0.045929566
a4e1c55a9_88,0.05842469
a4e1c55a9_89,0.0753338
a4e1c55a9_90,0.0037743472
a4e1c55a9_91,0.04041758
a4e1c55a9_92,-0.03385653
a4e1c55a9_93,0.010024904
a4e1c55a9_94,0.019480424
a4e1c55a9_95,-0.06263229
a4e1c55a9_96,0.041965645
a4e1c55a9_97,0.03624279
a4e1c55a9_98,-0.06323696
a4e1c55a9_99,0.045817602
a4e1c55a9_100,0.036087383
a4e1c55a9_101,-0.014436904
a4e1c55a9_102,0.021807266
a4e1c55a9_103,-0.06576768
a4e1c55a9_104,0.0381112
a4e1c55a9_105,0.005718852
a4e1c55a9_106,-0.051096294
a4e1c55a9_107,-0.02394311
a4e1c55a9_108,-0.042536117
a4e1c55a9_109,0.015150623
a4e1c55a9_110,0.062522605
a4e1c55a9_111,-0.07933349
a4e1c55a9_112,0.0045116073
a4e1c55a9_113,0.03535673
a4e1c55a9_114,0.06330548
a4e1c55a9_115,-0.07066573
a4e1c55a9_116,-0.0072969887
a4e1c55a9_117,-0.02067155
a4e1c55a9_118,-0.033043813
a4e1c55a9_119,-0.011798255
a4e1c55a9_120,0.10303197
a4e1c55a9_121,-0.09039361
a4e1c55a9_122,-0.06731478
a4e1c55a9_123,-0.03313384
a4e1c55a9_124,0.022483231
a4e1c55a9_125,0.013275501
a4e1c55a9_126,-0.04726746
a4e1c55a9_127,-9.660162e-33
a4e1c55a9_128,0.05456912
a4e1c55a9_129,-0.04283793
a4e1c55a9_130,-0.003952221
a4e1c55a9_131,-0.07066375
a4e1c55a9_132,-0.02387703
a4e1c55a9_133,0.0876269
a4e1c55a9_134,0.06852108
a4e1c55a9_135,0.047000963
a4e1c55a9_136,-0.016075877
a4e1c55a9_137,0.025954386
a4e1c55a9_138,-0.0011523751
a4e1c55a9_139,-0.04714817
a4e1c55a9_140,0.0037705158
a4e1c55a9_141,0.1152543
a4e1c55a9_142,-0.04024678
a4e1c55a9_143,-0.034600314
a4e1c55a9_144,0.10989909
a4e1c55a9_145,0.049636953
a4e1c55a9_146,-0.01907084
a4e1c55a9_147,0.086711444
a4e1c55a9_148,0.01466416
a4e1c55a9_149,0.023013715
a4e1c55a9_150,-0.023745764
a4e1c55a9_151,-0.03717324
a4e1c55a9_152,0.005406204
a4e1c55a9_153,0.052585747
a4e1c55a9_154,-0.0040737027
a4e1c55a9_155,-0.050292764
a4e1c55a9_156,0.030772058
a4e1c55a9_157,0.0009105426
a4e1c55a9_158,-0.069630064
a4e1c55a9_159,0.09300298
a4e1c55a9_160,-0.0654412
a4e1c55a9_161,-0.0103850495
a4e1c55a9_162,-0.087694384
a4e1c55a9_163,-0.04819932
a4e1c55a9_164,-0.037218172
a4e1c55a9_165,-0.10615995
a4e1c55a9_166,-0.036367472
a4e1c55a9_167,-0.04725751
a4e1c55a9_168,0.0029654074
a4e1c55a9_169,-0.015187742
a4e1c55a9_170,-0.031884532
a4e1c55a9_171,-0.09488708
a4e1c55a9_172,-0.017497089
a4e1c55a9_173,-0.0380615
a4e1c55a9_174,-0.052366298
a4e1c55a9_175,-0.008263122
a4e1c55a9_176,-0.06700049
a4e1c55a9_177,0.0038540429
a4e1c55a9_178,0.022044146
a4e1c55a9_179,0.07421423
a4e1c55a9_180,0.093346074
a4e1c55a9_181,0.04289582
a4e1c55a9_182,0.026829284
a4e1c55a9_183,-0.08600874
a4e1c55a9_184,-0.018286765
a4e1c55a9_185,-0.006961583
a4e1c55a9_186,-0.01704269
a4e1c55a9_187,0.0032802806
a4e1c55a9_188,-0.024290506
a4e1c55a9_189,0.08669358
a4e1c55a9_190,0.031420138
a4e1c55a9_191,0.11532208
a4e1c55a9_192,0.050863132
a4e1c55a9_193,-0.018944252
a4e1c55a9_194,0.060356192
a4e1c55a9_195,0.020305667
a4e1c55a9_196,0.08379559
a4e1c55a9_197,0.0131411245
a4e1c55a9_198,-0.008431188
a4e1c55a9_199,-0.08773349
a4e1c55a9_200,-0.023991482
a4e1c55a9_201,-0.024048828
a4e1c55a9_202,-0.110309236
a4e1c55a9_203,-0.010171945
a4e1c55a9_204,0.02277384
a4e1c55a9_205,-0.03319834
a4e1c55a9_206,0.039799258
a4e1c55a9_207,0.08161109
a4e1c55a9_208,-0.044270694
a4e1c55a9_209,0.020782273
a4e1c55a9_210,0.036024623
a4e1c55a9_211,-0.031942017
a4e1c55a9_212,-0.0069452953
a4e1c55a9_213,0.022688221
a4e1c55a9_214,0.0069564213
a4e1c55a9_215,-0.06557283
a4e1c55a9_216,-0.042692102
a4e1c55a9_217,-0.013409987
a4e1c55a9_218,-0.07591698
a4e1c55a9_219,-0.12116008
a4e1c55a9_220,-0.11509763
a4e1c55a9_221,0.09971976
a4e1c55a9_222,-0.07366463
a4e1c55a9_223,5.6113446e-33
a4e1c55a9_224,0.03383764
a4e1c55a9_225,0.0055445004
a4e1c55a9_226,0.02819574
a4e1c55a9_227,0.053424776
a4e1c55a9_228,-0.015446204
a4e1c55a9_229,-0.005379575
a4e1c55a9_230,-0.030428806
a4e1c55a9_231,-0.04234584
a4e1c55a9_232,-0.07661052
a4e1c55a9_233,0.018789079
a4e1c55a9_234,0.041156664
a4e1c55a9_235,0.007912731
a4e1c55a9_236,-0.027085708
a4e1c55a9_237,0.05819351
a4e1c55a9_238,0.1657517
a4e1c55a9_239,0.031007264
a4e1c55a9_240,0.0046539586
a4e1c55a9_241,-0.0023418828
a4e1c55a9_242,-0.036878284
a4e1c55a9_243,-0.0219822
a4e1c55a9_244,0.084528685
a4e1c55a9_245,0.047930792
a4e1c55a9_246,0.008434582
a4e1c55a9_247,0.04295749
a4e1c55a9_248,0.009616471
a4e1c55a9_249,0.026934735
a4e1c55a9_250,-0.025175838
a4e1c55a9_251,-0.05700051
a4e1c55a9_252,-0.04390996
a4e1c55a9_253,0.004008898
a4e1c55a9_254,-0.024545586
a4e1c55a9_255,-0.052373927
a4e1c55a9_256,0.018559856
a4e1c55a9_257,-0.041701306
a4e1c55a9_258,0.029858321
a4e1c55a9_259,-0.08350609
a4e1c55a9_260,0.057782903
a4e1c55a9_261,-0.040195033
a4e1c55a9_262,0.08650726
a4e1c55a9_263,0.0110407
a4e1c55a9_264,0.0532354
a4e1c55a9_265,0.044394195
a4e1c55a9_266,0.08686786
a4e1c55a9_267,0.064992644
a4e1c55a9_268,-0.028649159
a4e1c55a9_269,-0.04980897
a4e1c55a9_270,0.02059586
a4e1c55a9_271,0.017277023
a4e1c55a9_272,-0.0125241475
a4e1c55a9_273,0.08003361
a4e1c55a9_274,0.017183196
a4e1c55a9_275,-0.049860068
a4e1c55a9_276,0.05348056
a4e1c55a9_277,-0.10033338
a4e1c55a9_278,-0.042249985
a4e1c55a9_279,-0.022978235
a4e1c55a9_280,-0.054953516
a4e1c55a9_281,-0.042450856
a4e1c55a9_282,0.006810213
a4e1c55a9_283,0.045130346
a4e1c55a9_284,-0.06328864
a4e1c55a9_285,-0.038890403
a4e1c55a9_286,0.0025429644
a4e1c55a9_287,0.07136268
a4e1c55a9_288,-0.057448484
a4e1c55a9_289,0.013202222
a4e1c55a9_290,0.05963958
a4e1c55a9_291,-0.014422058
a4e1c55a9_292,-0.030760618
a4e1c55a9_293,-0.030054582
a4e1c55a9_294,0.038018454
a4e1c55a9_295,0.06724377
a4e1c55a9_296,0.111511834
a4e1c55a9_297,0.071216285
a4e1c55a9_298,0.14466846
a4e1c55a9_299,-0.03326058
a4e1c55a9_300,0.03040474
a4e1c55a9_301,0.007356691
a4e1c55a9_302,0.040581625
a4e1c55a9_303,-0.029904896
a4e1c55a9_304,-0.01873249
a4e1c55a9_305,-0.019476544
a4e1c55a9_306,0.027440691
a4e1c55a9_307,0.0730476
a4e1c55a9_308,-0.06825346
a4e1c55a9_309,0.03772263
a4e1c55a9_310,-0.051746074
a4e1c55a9_311,-0.013553128
a4e1c55a9_312,-0.02322393
a4e1c55a9_313,-0.008303026
a4e1c55a9_314,0.033793706
a4e1c55a9_315,0.03320944
a4e1c55a9_316,0.0017787176
a4e1c55a9_317,-0.025139766
a4e1c55a9_318,-0.034110285
a4e1c55a9_319,-1.8253608e-08
a4e1c55a9_320,0.0077669797
a4e1c55a9_321,0.02890763
a4e1c55a9_322,0.056219008
a4e1c55a9_323,-0.092431
a4e1c55a9_324,-0.007261765
a4e1c55a9_325,0.08088847
a4e1c55a9_326,0.026681991
a4e1c55a9_327,-0.0071696183
a4e1c55a9_328,-0.086803675
a4e1c55a9_329,-0.057711016
a4e1c55a9_330,0.11246337
a4e1c55a9_331,-0.004019005
a4e1c55a9_332,-0.044293325
a4e1c55a9_333,0.033222537
a4e1c55a9_334,-0.057223946
a4e1c55a9_335,0.025199637
a4e1c55a9_336,0.030005379
a4e1c55a9_337,-0.03511766
a4e1c55a9_338,-0.0105077
a4e1c55a9_339,-0.08038223
a4e1c55a9_340,0.07383295
a4e1c55a9_341,-0.109035715
a4e1c55a9_342,0.095764816
a4e1c55a9_343,0.036982477
a4e1c55a9_344,-0.077271044
a4e1c55a9_345,-0.011348937
a4e1c55a9_346,-0.11699465
a4e1c55a9_347,-0.016790755
a4e1c55a9_348,-0.04647558
a4e1c55a9_349,0.04925535
a4e1c55a9_350,-0.048848063
a4e1c55a9_351,0.004183439
a4e1c55a9_352,0.03742035
a4e1c55a9_353,-0.054782942
a4e1c55a9_354,0.08308428
a4e1c55a9_355,-0.029030899
a4e1c55a9_356,-0.043622475
a4e1c55a9_357,-0.0015205828
a4e1c55a9_358,-0.01884879
a4e1c55a9_359,0.037809525
a4e1c55a9_360,0.034295402
a4e1c55a9_361,0.07874084
a4e1c55a9_362,-0.03126238
a4e1c55a9_363,-0.015968494
a4e1c55a9_364,-0.030314485
a4e1c55a9_365,-0.021354869
a4e1c55a9_366,-0.040244844
a4e1c55a9_367,-0.084147
a4e1c55a9_368,-0.09266249
a4e1c55a9_369,0.005699557
a4e1c55a9_370,-0.058820933
a4e1c55a9_371,0.0114514325
a4e1c55a9_372,0.03850234
a4e1c55a9_373,-0.02492077
a4e1c55a9_374,0.06161772
a4e1c55a9_375,0.021978289
a4e1c55a9_376,0.034502745
a4e1c55a9_377,-0.075233825
a4e1c55a9_378,-0.011158278
a4e1c55a9_379,0.0675805
a4e1c55a9_380,0.02832715
a4e1c55a9_381,0.04578262
a4e1c55a9_382,-0.009810815
a4e1c55a9_383,0.054277357
c98f79f71_0,-0.03923429
c98f79f71_1,0.048055906
c98f79f71_2,-0.004507787
c98f79f71_3,-0.018911311
c98f79f71_4,0.009963472
c98f79f71_5,-0.012501201
c98f79f71_6,0.09418079
c98f79f71_7,-0.058506757
c98f79f71_8,-0.06410957
c98f79f71_9,-0.031634733
c98f79f71_10,0.004224753
c98f79f71_11,-0.010732089
c98f79f71_12,0.05354134
c98f79f71_13,0.08833339
c98f79f71_14,-0.035199765
c98f79f71_15,0.034669776
c98f79f71_16,-0.013473124
c98f79f71_17,0.049137015
c98f79f71_18,0.01671828
c98f79f71_19,0.03803688
c98f79f71_20,-0.0013002565
c98f79f71_21,0.008352778
c98f79f71_22,-0.0012605508
c98f79f71_23,-0.06370727
c98f79f71_24,-0.031580057
c98f79f71_25,-0.07532714
c98f79f71_26,0.061656978
c98f79f71_27,0.031343352
c98f79f71_28,-0.007671792
c98f79f71_29,-0.022712782
c98f79f71_30,0.011034436
c98f79f71_31,-0.06579982
c98f79f71_32,-0.040188104
c98f79f71_33,-0.02066429
c98f79f71_34,-0.023812464
c98f79f71_35,-0.0028113143
c98f79f71_36,-0.07013649
c98f79f71_37,0.06383974
c98f79f71_38,0.07890752
c98f79f71_39,0.027111266
c98f79f71_40,-0.05041058
c98f79f71_41,-0.030590054
c98f79f71_42,-0.037237633
c98f79f71_43,0.08490249
c98f79f71_44,-0.030725837
c98f79f71_45,0.021140367
c98f79f71_46,-0.078675576
c98f79f71_47,0.0011615502
c98f79f71_48,0.076930486
c98f79f71_49,-0.05600566
c98f79f71_50,-0.079048574
c98f79f71_51,-0.07395993
c98f79f71_52,-0.04937065
c98f79f71_53,-0.103673495
c98f79f71_54,-0.035386592
c98f79f71_55,-0.044526998
c98f79f71_56,-0.032548986
c98f79f71_57,-0.061138406
c98f79f71_58,0.008405777
c98f79f71_59,-0.003784361
c98f79f71_60,-0.005626431
c98f79f71_61,-0.025557932
c98f79f71_62,0.028902257
c98f79f71_63,0.09774735
c98f79f71_64,0.054198887
c98f79f71_65,-0.0032987227
c98f79f71_66,0.020857414
c98f79f71_67,-0.04532452
c98f79f71_68,0.0045541204
c98f79f71_69,0.018162394
c98f79f71_70,0.03295357
c98f79f71_71,0.00020698216
c98f79f71_72,-0.0636398
c98f79f71_73,-0.1679839
c98f79f71_74,-0.044781588
c98f79f71_75,0.0061649512
c98f79f71_76,-0.01702113
c98f79f71_77,-0.009723367
c98f79f71_78,-0.09961183
c98f79f71_79,-0.061994586
c98f79f71_80,0.015374166
c98f79f71_81,0.038156915
c98f79f71_82,-0.043264166
c98f79f71_83,0.038859755
c98f79f71_84,0.049964048
c98f79f71_85,0.0832539
c98f79f71_86,-0.067393914
c98f79f71_87,0.066406764
c98f79f71_88,-0.13057505
c98f79f71_89,0.039321385
c98f79f71_90,0.08794547
c98f79f71_91,0.039641656
c98f79f71_92,0.013909598
c98f79f71_93,-0.06411004
c98f79f71_94,0.009046022
c98f79f71_95,-0.0092933
c98f79f71_96,0.054982945
c98f79f71_97,-0.007306662
c98f79f71_98,-0.05697219
c98f79f71_99,0.07085994
c98f79f71_100,0.026196523
c98f79f71_101,-0.15071002
c98f79f71_102,0.04154273
c98f79f71_103,0.017158983
c98f79f71_104,0.095192894
c98f79f71_105,-0.00595307
c98f79f71_106,-0.04261325
c98f79f71_107,-0.0063559017
c98f79f71_108,-0.033746652
c98f79f71_109,-0.07447091
c98f79f71_110,-0.01761687
c98f79f71_111,0.015321251
c98f79f71_112,-0.042972416
c98f79f71_113,0.10806218
c98f79f71_114,0.026745716
c98f79f71_115,-0.037699383
c98f79f71_116,0.03537496
c98f79f71_117,-0.06381353
c98f79f71_118,0.04235802
c98f79f71_119,-0.029719897
c98f79f71_120,0.040893428
c98f79f71_121,0.029934008
c98f79f71_122,-0.056132536
c98f79f71_123,-0.07358015
c98f79f71_124,-0.039166715
c98f79f71_125,-0.032492753
c98f79f71_126,-0.079933174
c98f79f71_127,-3.4979094e-33
c98f79f71_128,0.09748052
c98f79f71_129,0.049860965
c98f79f71_130,0.021242548
c98f79f71_131,-0.04617813
c98f79f71_132,0.01963058
c98f79f71_133,0.08325137
c98f79f71_134,-0.009656681
c98f79f71_135,-0.019170089
c98f79f71_136,-0.027300868
c98f79f71_137,0.041554637
c98f79f71_138,0.02481225
c98f79f71_139,0.027523432
c98f79f71_140,0.01578614
c98f79f71_141,0.12753919
c98f79f71_142,-0.06512855
c98f79f71_143,0.028248725
c98f79f71_144,0.026330998
c98f79f71_145,0.022047207
c98f79f71_146,-0.001486958
c98f79f71_147,0.0059953355
c98f79f71_148,-0.080324285
c98f79f71_149,0.08104676
c98f79f71_150,-0.03746923
c98f79f71_151,-0.07418662
c98f79f71_152,-0.08063452
c98f79f71_153,0.046681922
c98f79f71_154,-0.045469277
c98f79f71_155,-0.040365662
c98f79f71_156,0.0038954916
c98f79f71_157,0.004070437
c98f79f71_158,-0.047797706
c98f79f71_159,0.0039787805
c98f79f71_160,-0.018425383
c98f79f71_161,0.029445125
c98f79f71_162,-0.11264542
c98f79f71_163,-0.08615729
c98f79f71_164,0.012710797
c98f79f71_165,-0.09068921
c98f79f71_166,0.04754199
c98f79f71_167,0.08101186
c98f79f71_168,0.01543734
c98f79f71_169,0.062778264
c98f79f71_170,0.00073257356
c98f79f71_171,0.038923685
c98f79f71_172,-0.01791213
c98f79f71_173,0.0038522738
c98f79f71_174,0.03601101
c98f79f71_175,0.05869864
c98f79f71_176,-0.020131718
c98f79f71_177,0.06572788
c98f79f71_178,-0.008961927
c98f79f71_179,0.058131717
c98f79f71_180,0.0018248247
c98f79f71_181,-0.098655134
c98f79f71_182,-0.07648988
c98f79f71_183,0.033006024
c98f79f71_184,-0.016735906
c98f79f71_185,-0.03525782
c98f79f71_186,-0.014486873
c98f79f71_187,-0.023697488
c98f79f71_188,0.040029895
c98f79f71_189,0.06541843
c98f79f71_190,0.029508324
c98f79f71_191,0.009537814
c98f79f71_192,0.051777437
c98f79f71_193,-0.032417085
c98f79f71_194,-0.055418536
c98f79f71_195,-0.014771229
c98f79f71_196,-0.00812411
c98f79f71_197,-0.0047444627
c98f79f71_198,-0.0197723
c98f79f71_199,0.05374175
c98f79f71_200,0.019637605
c98f79f71_201,-0.06952378
c98f79f71_202,0.04173323
c98f79f71_203,-0.0074455296
c98f79f71_204,0.006234995
c98f79f71_205,-0.031500045
c98f79f71_206,-0.04332022
c98f79f71_207,0.050964054
c98f79f71_208,-0.031774975
c98f79f71_209,0.057670284
c98f79f71_210,0.036780458
c98f79f71_211,-0.0992129
c98f79f71_212,-0.023393605
c98f79f71_213,0.099507935
c98f79f71_214,0.009650797
c98f79f71_215,-0.02777243
c98f79f71_216,-0.009850147
c98f79f71_217,0.08243801
c98f79f71_218,-0.07338595
c98f79f71_219,-0.03165794
c98f79f71_220,-0.02261781
c98f79f71_221,-0.052934032
c98f79f71_222,0.058893196
c98f79f71_223,-1.8530261e-34
c98f79f71_224,0.0014531724
c98f79f71_225,0.07180556
c98f79f71_226,0.07067087
c98f79f71_227,0.055210456
c98f79f71_228,0.02324229
c98f79f71_229,-0.06279671
c98f79f71_230,0.046244502
c98f79f71_231,0.06776208
c98f79f71_232,-0.025574107
c98f79f71_233,0.051349077
c98f79f71_234,-0.0026717987
c98f79f71_235,0.047392104
c98f79f71_236,0.056981772
c98f79f71_237,-0.03777383
c98f79f71_238,0.067715995
c98f79f71_239,-0.023391383
c98f79f71_240,0.010603009
c98f79f71_241,-0.039795566
c98f79f71_242,-0.032197442
c98f79f71_243,-0.0168795
c98f79f71_244,-0.0013798736
c98f79f71_245,0.03430409
c98f79f71_246,0.07784612
c98f79f71_247,0.002972978
c98f79f71_248,-0.065208316
c98f79f71_249,0.058850955
c98f79f71_250,-0.004705485
c98f79f71_251,-0.019657504
c98f79f71_252,-0.013921756
c98f79f71_253,0.08680754
c98f79f71_254,0.0016272512
c98f79f71_255,-0.055847205
c98f79f71_256,0.056219976
c98f79f71_257,0.011081629
c98f79f71_258,-0.0073236236
c98f79f71_259,-0.041946832
c98f79f71_260,-0.00995632
c98f79f71_261,-0.026173769
c98f79f71_262,0.04116998
c98f79f71_263,0.089132495
c98f79f71_264,0.023281181
c98f79f71_265,-0.10023322
c98f79f71_266,0.05591037
c98f79f71_267,0.02595591
c98f79f71_268,0.02604011
c98f79f71_269,0.0042649433
c98f79f71_270,-0.046119086
c98f79f71_271,-0.0035304457
c98f79f71_272,-0.0014178773
c98f79f71_273,-0.035605904
c98f79f71_274,-0.10255576
c98f79f71_275,0.0052793836
c98f79f71_276,-0.057664346
c98f79f71_277,-0.09384977
c98f79f71_278,0.055042617
c98f79f71_279,-0.031636126
c98f79f71_280,0.04253132
c98f79f71_281,-0.012348703
c98f79f71_282,0.03890862
c98f79f71_283,0.0754726
c98f79f71_284,0.0043115867
c98f79f71_285,0.021994151
c98f79f71_286,-0.06525798
c98f79f71_287,-0.06143564
c98f79f71_288,-0.06957636
c98f79f71_289,0.06215425
c98f79f71_290,-0.024749149
c98f79f71_291,-0.0326201
c98f79f71_292,0.049071662
c98f79f71_293,0.006992512
c98f79f71_294,0.0057616793
c98f79f71_295,0.010496352
c98f79f71_296,0.031058455
c98f79f71_297,-0.045029327
c98f79f71_298,0.03575132
c98f79f71_299,0.07368856
c98f79f71_300,0.026476502
c98f79f71_301,-0.009431449
c98f79f71_302,0.10461914
c98f79f71_303,-0.051654607
c98f79f71_304,-0.023210874
c98f79f71_305,-0.031188864
c98f79f71_306,-0.013163626
c98f79f71_307,0.04484209
c98f79f71_308,0.005788666
c98f79f71_309,0.025241315
c98f79f71_310,-0.022008881
c98f79f71_311,0.046647258
c98f79f71_312,-0.04823465
c98f79f71_313,-0.0821696
c98f79f71_314,0.09204748
c98f79f71_315,0.0668427
c98f79f71_316,-0.008651654
c98f79f71_317,0.050187822
c98f79f71_318,0.021867841
c98f79f71_319,-1.877095e-08
c98f79f71_320,0.07040428
c98f79f71_321,-0.002883629
c98f79f71_322,0.093221515
c98f79f71_323,-0.09744167
c98f79f71_324,-0.020617228
c98f79f71_325,0.009823324
c98f79f71_326,0.07001478
c98f79f71_327,-0.14822873
c98f79f71_328,0.0071846982
c98f79f71_329,0.020347623
c98f79f71_330,-0.02852683
c98f79f71_331,-0.026800603
c98f79f71_332,0.015607631
c98f79f71_333,0.068730645
c98f79f71_334,-0.014088816
c98f79f71_335,0.023266377
c98f79f71_336,-0.00044050085
c98f79f71_337,-0.07343988
c98f79f71_338,-0.01830677
c98f79f71_339,-0.095233224
c98f79f71_340,-0.032489173
c98f79f71_341,-0.02573862
c98f79f71_342,-0.031127544
c98f79f71_343,-0.006762058
c98f79f71_344,-0.075704366
c98f79f71_345,0.042961452
c98f79f71_346,0.042572092
c98f79f71_347,0.0009978482
c98f79f71_348,0.011843649
c98f79f71_349,0.04869275
c98f79f71_350,-0.03715164
c98f79f71_351,0.0072349855
c98f79f71_352,-0.10271809
c98f79f71_353,-0.011240444
c98f79f71_354,0.11208536
c98f79f71_355,-0.080490194
c98f79f71_356,-0.10092161
c98f79f71_357,-0.068893716
c98f79f71_358,0.057526957
c98f79f71_359,-0.008604321
c98f79f71_360,0.039910585
c98f79f71_361,0.030158957
c98f79f71_362,-0.015856411
c98f79f71_363,0.057721134
c98f79f71_364,0.08685587
c98f79f71_365,0.011142261
c98f79f71_366,0.078631826
c98f79f71_367,-0.011959614
c98f79f71_368,-0.06736224
c98f79f71_369,0.006652262
c98f79f71_370,0.007940651
c98f79f71_371,-0.05434736
c98f79f71_372,0.018223481
c98f79f71_373,0.04914707
c98f79f71_374,0.033552486
c98f79f71_375,-0.054475445
c98f79f71_376,0.03819927
c98f79f71_377,0.053985618
c98f79f71_378,-0.07066468
c98f79f71_379,-0.020351179
c98f79f71_380,-0.010694266
c98f79f71_381,0.048019975
c98f79f71_382,-0.036418967
c98f79f71_383,-0.0106733255
d8edf2e40_0,0.074001014
d8edf2e40_1,0.020262867
d8edf2e40_2,0.02203762
d8edf2e40_3,0.030368632
d8edf2e40_4,-0.009322576
d8edf2e40_5,0.017593084
d8edf2e40_6,0.11024548
d8edf2e40_7,0.065222874
d8edf2e40_8,-0.0068017635
d8edf2e40_9,0.07448701
d8edf2e40_10,-0.013348042
d8edf2e40_11,-0.008882262
d8edf2e40_12,-0.06807154
d8edf2e40_13,0.074054
d8edf2e40_14,0.005195381
d8edf2e40_15,0.07783431
d8edf2e40_16,-0.053799685
d8edf2e40_17,0.16574875
d8edf2e40_18,0.01670803
d8edf2e40_19,-0.03943967
d8edf2e40_20,0.03438297
d8edf2e40_21,0.018043067
d8edf2e40_22,0.014407255
d8edf2e40_23,0.053747833
d8edf2e40_24,-0.07470859
d8edf2e40_25,0.010433715
d8edf2e40_26,-0.0243389
d8edf2e40_27,0.011775381
d8edf2e40_28,0.016319517
d8edf2e40_29,-0.028508682
d8edf2e40_30,0.0043863226
d8edf2e40_31,0.01655484
d8edf2e40_32,0.044669837
d8edf2e40_33,-0.030972105
d8edf2e40_34,-0.04904078
d8edf2e40_35,0.08195167
d8edf2e40_36,0.03789645
d8edf2e40_37,-0.10370109
d8edf2e40_38,-0.020096397
d8edf2e40_39,0.036873598
d8edf2e40_40,0.03218666
d8edf2e40_41,0.084285185
d8edf2e40_42,0.028479693
d8edf2e40_43,0.020832228
d8edf2e40_44,-0.034729213
d8edf2e40_45,-0.002545074
d8edf2e40_46,0.04190814
d8edf2e40_47,-0.05427304
d8edf2e40_48,-0.023021579
d8edf2e40_49,-0.021863738
d8edf2e40_50,-0.03108673
d8edf2e40_51,-0.025859926
d8edf2e40_52,-0.0038350923
d8edf2e40_53,-0.07694105
d8edf2e40_54,-0.007526616
d8edf2e40_55,-0.012293709
d8edf2e40_56,0.03938809
d8edf2e40_57,-0.022370692
d8edf2e40_58,0.04850881
d8edf2e40_59,-0.036713917
d8edf2e40_60,0.10649896
d8edf2e40_61,-0.03254958
d8edf2e40_62,-0.0055930302
d8edf2e40_63,-0.0379678
d8edf2e40_64,0.006449363
d8edf2e40_65,-0.030515503
d8edf2e40_66,-0.15067364
d8edf2e40_67,-0.090640165
d8edf2e40_68,0.11211001
d8edf2e40_69,-0.069647364
d8edf2e40_70,-0.0119743245
d8edf2e40_71,-0.0027667591
d8edf2e40_72,-0.09890536
d8edf2e40_73,-0.04580013
d8edf2e40_74,-0.05057671
d8edf2e40_75,-0.018637337
d8edf2e40_76,0.046921074
d8edf2e40_77,0.14558953
d8edf2e40_78,0.04586493
d8edf2e40_79,-0.018300554
d8edf2e40_80,-0.01473473
d8edf2e40_81,-0.06846153
d8edf2e40_82,-0.043689657
d8edf2e40_83,-0.0073809233
d8edf2e40_84,0.028310305
d8edf2e40_85,-0.033472817
d8edf2e40_86,0.008205318
d8edf2e40_87,0.0706908
d8edf2e40_88,-0.034210894
d8edf2e40_89,-0.0272541
d8edf2e40_90,0.0348817
d8edf2e40_91,-0.0016459675
d8edf2e40_92,0.0016966589
d8edf2e40_93,-0.04031218
d8edf2e40_94,-0.039373487
d8edf2e40_95,0.004517868
d8edf2e40_96,-0.06151859
d8edf2e40_97,-0.07437627
d8edf2e40_98,-0.043759074
d8edf2e40_99,0.041084044
d8edf2e40_100,0.0070643774
d8edf2e40_101,-0.019200908
d8edf2e40_102,0.031099075
d8edf2e40_103,0.037782412
d8edf2e40_104,0.06272312
d8edf2e40_105,-0.011363142
d8edf2e40_106,-0.021593258
d8edf2e40_107,-0.025746634
d8edf2e40_108,0.047402583
d8edf2e40_109,0.06315826
d8edf2e40_110,0.016038448
d8edf2e40_111,-0.055768676
d8edf2e40_112,-0.010186818
d8edf2e40_113,0.1044145
d8edf2e40_114,-0.055487886
d8edf2e40_115,-0.028751615
d8edf2e40_116,-0.09328132
d8edf2e40_117,-0.02315777
d8edf2e40_118,0.0067092823
d8edf2e40_119,0.052748676
d8edf2e40_120,-0.02639685
d8edf2e40_121,-0.0031730682
d8edf2e40_122,0.006649058
d8edf2e40_123,0.06684433
d8edf2e40_124,-0.00074176904
d8edf2e40_125,-0.061491314
d8edf2e40_126,0.13778242
d8edf2e40_127,-2.4571054e-33
d8edf2e40_128,0.006279848
d8edf2e40_129,-0.0035268287
d8edf2e40_130,0.0598372
d8edf2e40_131,-0.085434124
d8edf2e40_132,0.09626941
d8edf2e40_133,0.029352995
d8edf2e40_134,-0.004511054
d8edf2e40_135,0.0053302827
d8edf2e40_136,0.040850617
d8edf2e40_137,0.0130689815
d8edf2e40_138,0.010631339
d8edf2e40_139,-0.08243602
d8edf2e40_140,0.02145744
d8edf2e40_141,0.044803686
d8edf2e40_142,-0.06591581
d8edf2e40_143,0.06841849
d8edf2e40_144,0.030217148
d8edf2e40_145,-0.03142283
d8edf2e40_146,0.026032908
d8edf2e40_147,-0.009388679
d8edf2e40_148,-0.014634944
d8edf2e40_149,0.02860365
d8edf2e40_150,-0.060393367
d8edf2e40_151,-0.056189112
d8edf2e40_152,0.105696745
d8edf2e40_153,0.0020456878
d8edf2e40_154,-0.011227755
d8edf2e40_155,-0.047223352
d8edf2e40_156,0.08992991
d8edf2e40_157,0.0010124595
d8edf2e40_158,-0.015189145
d8edf2e40_159,-0.051522736
d8edf2e40_160,-0.026740255
d8edf2e40_161,0.033042062
d8edf2e40_162,0.039758746
d8edf2e40_163,0.0005860604
d8edf2e40_164,0.021010287
d8edf2e40_165,0.020751879
d8edf2e40_166,-0.05986848
d8edf2e40_167,-0.01917483
d8edf2e40_168,-0.020200431
d8edf2e40_169,0.010024332
d8edf2e40_170,0.02253232
d8edf2e40_171,0.022491686
d8edf2e40_172,-0.05906656
d8edf2e40_173,0.00071566534
d8edf2e40_174,0.08510038
d8edf2e40_175,0.000940403
d8edf2e40_176,0.051363092
d8edf2e40_177,0.092981204
d8edf2e40_178,-0.06908068
d8edf2e40_179,0.043743145
d8edf2e40_180,-0.0066603017
d8edf2e40_181,-0.018163748
d8edf2e40_182,0.021475151
d8edf2e40_183,-0.04191655
d8edf2e40_184,0.039460067
d8edf2e40_185,0.11882745
d8edf2e40_186,-0.021208767
d8edf2e40_187,0.040385492
d8edf2e40_188,0.07519213
d8edf2e40_189,0.045238126
d8edf2e40_190,-0.004017553
d8edf2e40_191,0.011821048
d8edf2e40_192,0.090753734
d8edf2e40_193,-0.06463813
d8edf2e40_194,-0.04714831
d8edf2e40_195,0.0009141035
d8edf2e40_196,-0.011428795
d8edf2e40_197,0.001105097
d8edf2e40_198,-0.020061437
d8edf2e40_199,-0.020087881
d8edf2e40_200,0.029222503
d8edf2e40_201,-0.03443892
d8edf2e40_202,-0.08229536
d8edf2e40_203,-0.04511249
d8edf2e40_204,-0.012836443
d8edf2e40_205,-0.022456892
d8edf2e40_206,-0.06350821
d8edf2e40_207,-0.02902464
d8edf2e40_208,-0.100103125
d8edf2e40_209,0.0012595168
d8edf2e40_210,0.023731988
d8edf2e40_211,-0.02603114
d8edf2e40_212,-0.05147808
d8edf2e40_213,0.042168517
d8edf2e40_214,0.021803781
d8edf2e40_215,0.010188307
d8edf2e40_216,-0.04620082
d8edf2e40_217,-0.0011207118
d8edf2e40_218,0.022437736
d8edf2e40_219,-0.005234623
d8edf2e40_220,-0.030392451
d8edf2e40_221,0.029661914
d8edf2e40_222,0.00758964
d8edf2e40_223,-4.761284e-34
d8edf2e40_224,-0.02617835
d8edf2e40_225,0.03297367
d8edf2e40_226,0.09995553
d8edf2e40_227,-0.04595379
d8edf2e40_228,0.022145394
d8edf2e40_229,0.04213854
d8edf2e40_230,-0.05928009
d8edf2e40_231,-0.0025622286
d8edf2e40_232,-0.03911081
d8edf2e40_233,-0.05795037
d8edf2e40_234,-0.071696445
d8edf2e40_235,0.030715633
d8edf2e40_236,0.06427691
d8edf2e40_237,-0.010080712
d8edf2e40_238,0.02395037
d8edf2e40_239,0.030941404
d8edf2e40_240,0.04787191
d8edf2e40_241,0.05377687
d8edf2e40_242,-0.034908395
d8edf2e40_243,0.08348589
d8edf2e40_244,-0.034834947
d8edf2e40_245,0.12707295
d8edf2e40_246,-0.03311448
d8edf2e40_247,-0.007092564
d8edf2e40_248,-0.084911786
d8edf2e40_249,-0.0025115744
d8edf2e40_250,0.17156146
d8edf2e40_251,-0.010545121
d8edf2e40_252,-0.07606147
d8edf2e40_253,-0.018792372
d8edf2e40_254,0.011589894
d8edf2e40_255,0.025552928
d8edf2e40_256,-0.029456856
d8edf2e40_257,-0.09795844
d8edf2e40_258,-0.06844022
d8edf2e40_259,-0.0035200322
d8edf2e40_260,-0.049621217
d8edf2e40_261,-0.056120872
d8edf2e40_262,-0.05987491
d8edf2e40_263,0.046109527
d8edf2e40_264,0.07386376
d8edf2e40_265,0.018548358
d8edf2e40_266,0.094046295
d8edf2e40_267,0.044051737
d8edf2e40_268,0.066193275
d8edf2e40_269,-0.07427368
d8edf2e40_270,-0.10649313
d8edf2e40_271,0.10727668
d8edf2e40_272,-0.054905538
d8edf2e40_273,0.06906326
d8edf2e40_274,-0.060241405
d8edf2e40_275,-0.014002231
d8edf2e40_276,-0.009499991
d8edf2e40_277,0.006244066
d8edf2e40_278,0.0076433076
d8edf2e40_279,-0.011840815
d8edf2e40_280,-0.0731701
d8edf2e40_281,0.037447475
d8edf2e40_282,-0.0043223854
d8edf2e40_283,-0.053283334
d8edf2e40_284,-0.06589518
d8edf2e40_285,-0.033620283
d8edf2e40_286,0.012051887
d8edf2e40_287,-0.021460062
d8edf2e40_288,-0.03247583
d8edf2e40_289,0.0026343581
d8edf2e40_290,-0.0557716
d8edf2e40_291,0.05812247
d8edf2e40_292,-0.12588571
d8edf2e40_293,-0.006445713
d8edf2e40_294,-0.0125154685
d8edf2e40_295,0.025071643
d8edf2e40_296,-0.044565506
d8edf2e40_297,0.033472303
d8edf2e40_298,0.013698166
d8edf2e40_299,0.062120568
d8edf2e40_300,0.055493176
d8edf2e40_301,0.023279501
d8edf2e40_302,0.062136136
d8edf2e40_303,-0.069520146
d8edf2e40_304,-0.07358625
d8edf2e40_305,0.05058819
d8edf2e40_306,-0.016401947
d8edf2e40_307,-0.029356334
d8edf2e40_308,0.027599076
d8edf2e40_309,-0.01760565
d8edf2e40_310,-0.106981106
d8edf2e40_311,-0.006813607
d8edf2e40_312,0.0015538492
d8edf2e40_313,0.049061142
d8edf2e40_314,-0.03236159
d8edf2e40_315,0.028037917
d8edf2e40_316,0.022055281
d8edf2e40_317,0.003953469
d8edf2e40_318,-0.054447092
d8edf2e40_319,-1.9512829e-08
d8edf2e40_320,-0.07771739
d8edf2e40_321,0.057146613
d8edf2e40_322,-0.09323536
d8edf2e40_323,-0.054394472
d8edf2e40_324,0.042514227
d8edf2e40_325,0.0492657
d8edf2e40_326,-0.0020569426
d8edf2e40_327,0.04575769
d8edf2e40_328,-0.08218647
d8edf2e40_329,0.005113494
d8edf2e40_330,-0.062075224
d8edf2e40_331,0.053913765
d8edf2e40_332,0.017737702
d8edf2e40_333,0.1282382
d8edf2e40_334,0.041711614
d8edf2e40_335,-0.057311572
d8edf2e40_336,0.037099164
d8edf2e40_337,0.03364424
d8edf2e40_338,-0.014982813
d8edf2e40_339,0.0638542
d8edf2e40_340,-0.0544037
d8edf2e40_341,-0.011413428
d8edf2e40_342,0.046389244
d8edf2e40_343,-0.013732947
d8edf2e40_344,-0.0009363897
d8edf2e40_345,0.0024994062
d8edf2e40_346,0.04703538
d8edf2e40_347,0.045831732
d8edf2e40_348,0.029323373
d8edf2e40_349,0.055106755
d8edf2e40_350,0.09457372
d8edf2e40_351,0.07923464
d8edf2e40_352,-0.003383944
d8edf2e40_353,0.043687105
d8edf2e40_354,-0.0076568476
d8edf2e40_355,-0.016894562
d8edf2e40_356,0.061545074
d8edf2e40_357,0.039587013
d8edf2e40_358,-0.020323068
d8edf2e40_359,-0.036611818
d8edf2e40_360,-0.014314085
d8edf2e40_361,0.059381325
d8edf2e40_362,-0.029027378
d8edf2e40_363,-0.0039929
d8edf2e40_364,-0.12837404
d8edf2e40_365,0.017814247
d8edf2e40_366,0.019325245
d8edf2e40_367,-0.019803703
d8edf2e40_368,-0.010340199
d8edf2e40_369,0.011204408
d8edf2e40_370,-0.071690574
d8edf2e40_371,-0.050129656
d8edf2e40_372,-0.02127171
d8edf2e40_373,-0.02608121
d8edf2e40_374,0.048263174
d8edf2e40_375,-0.010149269
d8edf2e40_376,-0.028874774
d8edf2e40_377,-0.02486513
d8edf2e40_378,-0.06288574
d8edf2e40_379,0.02927458
d8edf2e40_380,-0.011894464
d8edf2e40_381,-0.09529504
d8edf2e40_382,-0.051872343
d8edf2e40_383,-0.0071808454
f27825b2c_0,-0.057890028
f27825b2c_1,0.063267626
f27825b2c_2,-0.0793317
f27825b2c_3,0.052672163
f27825b2c_4,-0.13468029
f27825b2c_5,0.04527971
f27825b2c_6,0.03974637
f27825b2c_7,0.05113812
f27825b2c_8,0.055256315
f27825b2c_9,-0.098362535
f27825b2c_10,0.033747077
f27825b2c_11,-0.054023776
f27825b2c_12,0.038125835
f27825b2c_13,-0.016654367
f27825b2c_14,0.053502653
f27825b2c_15,-0.10147676
f27825b2c_16,0.077212065
f27825b2c_17,-0.0061502764
f27825b2c_18,0.08107757
f27825b2c_19,0.01675144
f27825b2c_20,-0.039602965
f27825b2c_21,0.031030905
f27825b2c_22,0.0036830672
f27825b2c_23,-0.018312087
f27825b2c_24,0.018308584
f27825b2c_25,-0.0592752
f27825b2c_26,0.07901801
f27825b2c_27,0.029342081
f27825b2c_28,0.037486527
f27825b2c_29,-0.0036369753
f27825b2c_30,0.10849123
f27825b2c_31,0.0073719844
f27825b2c_32,0.059962112
f27825b2c_33,-0.006523177
f27825b2c_34,-0.028242948
f27825b2c_35,-0.019273572
f27825b2c_36,0.013260079
f27825b2c_37,-0.02501923
f27825b2c_38,0.039470024
f27825b2c_39,0.021665262
f27825b2c_40,0.0047256933
f27825b2c_41,-0.012105204
f27825b2c_42,0.030290479
f27825b2c_43,-0.011002412
f27825b2c_44,-0.0016377727
f27825b2c_45,0.040849928
f27825b2c_46,0.0051153926
f27825b2c_47,0.027803326
f27825b2c_48,-0.016360395
f27825b2c_49,-0.051586732
f27825b2c_50,-0.046192408
f27825b2c_51,-0.031441286
f27825b2c_52,0.06121291
f27825b2c_53,0.0046483506
f27825b2c_54,-0.020560224
f27825b2c_55,0.05480707
f27825b2c_56,0.08570426
f27825b2c_57,-0.018085798
f27825b2c_58,0.005887339
f27825b2c_59,0.028638342
f27825b2c_60,0.0012712405
f27825b2c_61,-0.095247515
f27825b2c_62,-0.02950873
f27825b2c_63,0.037663672
f27825b2c_64,-0.03566149
f27825b2c_65,-0.021093996
f27825b2c_66,-0.010257185
f27825b2c_67,0.023664813
f27825b2c_68,-0.024934476
f27825b2c_69,-0.01956627
f27825b2c_70,0.026127184
f27825b2c_71,0.08713063
f27825b2c_72,0.03828765
f27825b2c_73,-0.030880151
f27825b2c_74,-0.0026006342
f27825b2c_75,-0.06260279
f27825b2c_76,-0.03824187
f27825b2c_77,-0.09163302
f27825b2c_78,0.0064945407
f27825b2c_79,0.009112751
f27825b2c_80,0.06470046
f27825b2c_81,0.019589957
f27825b2c_82,-0.060161106
f27825b2c_83,-0.025628608
f27825b2c_84,-0.013586674
f27825b2c_85,-0.022508508
f27825b2c_86,0.04783532
f27825b2c_87,0.06357006
f27825b2c_88,-0.011680827
f27825b2c_89,-0.037891116
f27825b2c_90,0.016165396
f27825b2c_91,0.057861757
f27825b2c_92,-0.039699845
f27825b2c_93,0.0039335117
f27825b2c_94,-0.09120424
f27825b2c_95,-0.010146611
f27825b2c_96,-0.008322283
f27825b2c_97,0.052518006
f27825b2c_98,-0.034734935
f27825b2c_99,-0.0034794132
f27825b2c_100,0.08710095
f27825b2c_101,-0.032801174
f27825b2c_102,-0.0051431446
f27825b2c_103,0.07987934
f27825b2c_104,0.054846533
f27825b2c_105,0.035695393
f27825b2c_106,0.08357175
f27825b2c_107,0.04507739
f27825b2c_108,-0.021394083
f27825b2c_109,0.011618332
f27825b2c_110,0.002639307
f27825b2c_111,-0.019090267
f27825b2c_112,-0.016392725
f27825b2c_113,-0.058958337
f27825b2c_114,0.004186909
f27825b2c_115,-0.049488127
f27825b2c_116,0.081357904
f27825b2c_117,-0.05948932
f27825b2c_118,0.031328302
f27825b2c_119,-0.11594781
f27825b2c_120,0.021288892
f27825b2c_121,-0.022539753
f27825b2c_122,0.0070783324
f27825b2c_123,-0.0046912762
f27825b2c_124,0.07520049
f27825b2c_125,0.041127916
f27825b2c_126,0.05918007
f27825b2c_127,-8.667758e-33
f27825b2c_128,-0.0046233046
f27825b2c_129,0.0123849
f27825b2c_130,0.04299326
f27825b2c_131,0.0040510814
f27825b2c_132,0.077798635
f27825b2c_133,0.03947001
f27825b2c_134,0.050054308
f27825b2c_135,-0.020308683
f27825b2c_136,-0.012105168
f27825b2c_137,0.032968555
f27825b2c_138,0.10707572
f27825b2c_139,0.05344121
f27825b2c_140,-0.038385246
f27825b2c_141,0.1058665
f27825b2c_142,-0.070762254
f27825b2c_143,0.015282471
f27825b2c_144,0.090010256
f27825b2c_145,0.005550181
f27825b2c_146,-0.0591693
f27825b2c_147,-0.06753566
f27825b2c_148,-0.054136716
f27825b2c_149,-0.17682627
f27825b2c_150,-0.0045341575
f27825b2c_151,-0.0013759561
f27825b2c_152,-0.048351094
f27825b2c_153,0.120239384
f27825b2c_154,-0.026856935
f27825b2c_155,0.03223052
f27825b2c_156,-0.00688298
f27825b2c_157,-0.038705345
f27825b2c_158,0.055439714
f27825b2c_159,0.08806179
f27825b2c_160,0.02896863
f27825b2c_161,0.048886225
f27825b2c_162,0.050655812
f27825b2c_163,-0.016926182
f27825b2c_164,-0.100573696
f27825b2c_165,0.009498952
f27825b2c_166,-0.038917314
f27825b2c_167,-0.0340653
f27825b2c_168,-0.03803177
f27825b2c_169,0.07469099
f27825b2c_170,0.011694896
f27825b2c_171,0.019025067
f27825b2c_172,-0.039172914
f27825b2c_173,-0.043765664
f27825b2c_174,-0.017451266
f27825b2c_175,0.062284764
f27825b2c_176,0.014129503
f27825b2c_177,0.038538817
f27825b2c_178,0.067768835
f27825b2c_179,0.008826104
f27825b2c_180,-0.054750707
f27825b2c_181,-0.027341867
f27825b2c_182,-0.054861106
f27825b2c_183,-0.057066865
f27825b2c_184,0.00793595
f27825b2c_185,0.0049621826
f27825b2c_186,-0.04739897
f27825b2c_187,0.026055971
f27825b2c_188,0.015886495
f27825b2c_189,0.10605334
f27825b2c_190,-0.043980073
f27825b2c_191,0.09012448
f27825b2c_192,-0.018791277
f27825b2c_193,0.011300262
f27825b2c_194,0.00037684533
f27825b2c_195,0.019444965
f27825b2c_196,-0.036466897
f27825b2c_197,0.0820969
f27825b2c_198,0.05828822
f27825b2c_199,-0.06612577
f27825b2c_200,0.02464436
f27825b2c_201,0.09862072
f27825b2c_202,-0.040592518
f27825b2c_203,0.025425049
f27825b2c_204,-0.093498275
f27825b2c_205,-0.019020379
f27825b2c_206,-0.026007028
f27825b2c_207,-0.0041621053
f27825b2c_208,-0.017055448
f27825b2c_209,-0.039426878
f27825b2c_210,0.04266101
f27825b2c_211,-0.062377863
f27825b2c_212,-0.0812466
f27825b2c_213,0.07999686
f27825b2c_214,0.018127618
f27825b2c_215,0.0010374322
f27825b2c_216,0.13923663
f27825b2c_217,0.019146021
f27825b2c_218,0.03374603
f27825b2c_219,-0.095780715
f27825b2c_220,0.021019524
f27825b2c_221,0.08137884
f27825b2c_222,-0.06076782
f27825b2c_223,4.3283087e-33
f27825b2c_224,-0.038515244
f27825b2c_225,0.03348688
f27825b2c_226,0.030402998
f27825b2c_227,-0.07561049
f27825b2c_228,-0.0030992825
f27825b2c_229,-0.03614058
f27825b2c_230,0.033213418
f27825b2c_231,-0.021233555
f27825b2c_232,-0.010283561
f27825b2c_233,-0.026982915
f27825b2c_234,0.0024860643
f27825b2c_235,0.096959434
f27825b2c_236,0.07024244
f27825b2c_237,-0.018592935
f27825b2c_238,0.04735967
f27825b2c_239,0.017890649
f27825b2c_240,-0.025916727
f27825b2c_241,-0.030820468
f27825b2c_242,-0.007991823
f27825b2c_243,0.042062756
f27825b2c_244,0.024949115
f27825b2c_245,-0.04940696
f27825b2c_246,-0.066481315
f27825b2c_247,-0.026045928
f27825b2c_248,-0.11443397
f27825b2c_249,0.0231027
f27825b2c_250,-0.025300173
f27825b2c_251,0.0049596
f27825b2c_252,0.008881143
f27825b2c_253,-0.029773543
f27825b2c_254,-0.08435545
f27825b2c_255,-0.07447581
f27825b2c_256,0.051886477
f27825b2c_257,-0.06189926
f27825b2c_258,0.018304873
f27825b2c_259,-0.05844151
f27825b2c_260,-0.0400844
f27825b2c_261,-0.046452582
f27825b2c_262,0.10336949
f27825b2c_263,0.030540759
f27825b2c_264,-0.046554342
f27825b2c_265,-0.017248532
f27825b2c_266,0.0044746515
f27825b2c_267,0.04881183
f27825b2c_268,0.03752048
f27825b2c_269,-0.011390856
f27825b2c_270,-0.026795492
f27825b2c_271,-0.054304067
f27825b2c_272,-0.033139654
f27825b2c_273,-0.017745666
f27825b2c_274,-0.083463304
f27825b2c_275,0.04062114
f27825b2c_276,0.013169011
f27825b2c_277,0.054969463
f27825b2c_278,0.045826178
f27825b2c_279,0.0037295858
f27825b2c_280,-0.11162349
f27825b2c_281,0.049619384
f27825b2c_282,-0.006453839
f27825b2c_283,-0.08675272
f27825b2c_284,-0.04624669
f27825b2c_285,-0.028671237
f27825b2c_286,0.07052685
f27825b2c_287,0.082096286
f27825b2c_288,0.062980995
f27825b2c_289,0.09746238
f27825b2c_290,-0.017822508
f27825b2c_291,0.019991763
f27825b2c_292,-0.010754129
f27825b2c_293,-0.012056972
f27825b2c_294,0.00900898
f27825b2c_295,-0.003132395
f27825b2c_296,-0.014107068
f27825b2c_297,-0.0737087
f27825b2c_298,-0.0769261
f27825b2c_299,-0.01896622
f27825b2c_300,-0.11750731
f27825b2c_301,-0.04252596
f27825b2c_302,-0.013177466
f27825b2c_303,-0.02272919
f27825b2c_304,-0.032411404
f27825b2c_305,-0.054281976
f27825b2c_306,-0.053840697
f27825b2c_307,-0.03655541
f27825b2c_308,-0.043896217
f27825b2c_309,-0.06910903
f27825b2c_310,0.047523875
f27825b2c_311,-0.04364195
f27825b2c_312,-0.037887074
f27825b2c_313,-0.00020838449
f27825b2c_314,-0.011286474
f27825b2c_315,0.08811156
f27825b2c_316,-0.031124305
f27825b2c_317,-0.027814364
f27825b2c_318,0.028762972
f27825b2c_319,-2.1628566e-08
f27825b2c_320,-0.038006168
f27825b2c_321,-0.08727914
f27825b2c_322,-0.00893857
f27825b2c_323,-0.052487805
f27825b2c_324,0.04003425
f27825b2c_325,-0.018162405
f27825b2c_326,-0.060545847
f27825b2c_327,-0.09124639
f27825b2c_328,-0.0063321316
f27825b2c_329,0.029268576
f27825b2c_330,-0.08120405
f27825b2c_331,0.06740149
f27825b2c_332,0.06576884
f27825b2c_333,0.023599759
f27825b2c_334,-0.054379176
f27825b2c_335,-0.022852482
f27825b2c_336,0.011664988
f27825b2c_337,-0.05984155
f27825b2c_338,0.031995356
f27825b2c_339,0.06946408
f27825b2c_340,-0.009896617
f27825b2c_341,0.03425661
f27825b2c_342,0.012686786
f27825b2c_343,-0.10259845
f27825b2c_344,0.05652315
f27825b2c_345,0.015659926
f27825b2c_346,0.021786949
f27825b2c_347,0.09526758
f27825b2c_348,-0.007613772
f27825b2c_349,0.01676967
f27825b2c_350,0.06466017
f27825b2c_351,-0.041499235
f27825b2c_352,0.027088914
f27825b2c_353,-0.002635616
f27825b2c_354,0.09227826
f27825b2c_355,0.049883965
f27825b2c_356,-0.0056186602
f27825b2c_357,0.026109563
f27825b2c_358,0.04160014
f27825b2c_359,-0.07523284
f27825b2c_360,-0.048604205
f27825b2c_361,-0.059028056
f27825b2c_362,-0.07232904
f27825b2c_363,0.03903054
f27825b2c_364,-0.017648695
f27825b2c_365,0.022037063
f27825b2c_366,-0.08770021
f27825b2c_367,-0.039606616
f27825b2c_368,-0.06617515
f27825b2c_369,0.028858159
f27825b2c_370,-0.078162
f27825b2c_371,-0.002609679
f27825b2c_372,0.07709618
f27825b2c_373,-0.066564344
f27825b2c_374,0.0887265
f27825b2c_375,0.0059502143
f27825b2c_376,0.011885075
f27825b2c_377,0.06844736
f27825b2c_378,0.005173201
f27825b2c_379,0.08990017
f27825b2c_380,-0.01037216
f27825b2c_381,-0.007557709
f27825b2c_382,-0.0219525
f27825b2c_383,-0.019022185
